<?xml version="1.0" encoding="UTF-8"?>
<project-private xmlns="http://www.netbeans.org/ns/project-private/1">
    <editor-bookmarks xmlns="http://www.netbeans.org/ns/editor-bookmarks/2" lastBookmarkId="0"/>
    <open-files xmlns="http://www.netbeans.org/ns/projectui-open-files/2">
        <group>
            <file>file:/C:/Users/N/Documents/NetBeansProjects/coe528lab1/src/coe528lab1/ticket.java</file>
            <file>file:/C:/Users/N/Documents/NetBeansProjects/coe528lab1/src/coe528lab1/manager.java</file>
            <file>file:/C:/Users/N/Documents/NetBeansProjects/coe528lab1/src/coe528lab1/member.java</file>
            <file>file:/C:/Users/N/Documents/NetBeansProjects/coe528lab1/src/coe528lab1/Flight.java</file>
            <file>file:/C:/Users/N/Documents/NetBeansProjects/coe528lab1/src/coe528lab1/nonmember.java</file>
            <file>file:/C:/Users/N/Documents/NetBeansProjects/coe528lab1/src/coe528lab1/passenger.java</file>
            <file>file:/C:/Users/N/Documents/NetBeansProjects/coe528lab1/test/coe528lab1/FlightTest.java</file>
        </group>
    </open-files>
</project-private>
